time,sym,price,size
2024-04-27D14:30:00.000000000,eurusd,345.853,13
2024-04-27D14:30:00.100000000,gbpchf,295.052,729
2024-04-27D14:30:00.200000000,eurjpy,755.519,6
2024-04-27D14:30:00.300000000,gbpusd,958.718,600
2024-04-27D14:30:00.400000000,eurjpy,649.349,184
2024-04-27D14:30:00.500000000,eurusd,996.295,974
2024-04-27D14:30:00.600000000,eurjpy,579.597,435
2024-04-27D14:30:00.700000000,eurjpy,270.408,6
2024-04-27D14:30:00.800000000,eurjpy,786.903,910
2024-04-27D14:30:00.900000000,eurjpy,484.878,242
2024-04-27D14:30:01.000000000,eurusd,964.833,298
2024-04-27D14:30:01.100000000,eurjpy,485.463,982
2024-04-27D14:30:01.200000000,euraud,694.263,580
2024-04-27D14:30:01.300000000,eurgbp,74.712,712
2024-04-27D14:30:01.400000000,gbpchf,617.789,403
2024-04-27D14:30:01.500000000,usdjpy,776.936,100
2024-04-27D14:30:01.600000000,gbpjpy,849.536,906
2024-04-27D14:30:01.700000000,euraud,410.655,857
2024-04-27D14:30:01.800000000,gbpusd,657.252,71
2024-04-27D14:30:01.900000000,euraud,899.574,326
2024-04-27D14:30:02.000000000,eurusd,4.634,428
2024-04-27D14:30:02.100000000,gbpchf,907.046,177
2024-04-27D14:30:02.200000000,euraud,304.344,396
2024-04-27D14:30:02.300000000,eurgbp,904.855,366
2024-04-27D14:30:02.400000000,eurusd,984.694,183
2024-04-27D14:30:02.500000000,gbpusd,426.398,643
2024-04-27D14:30:02.600000000,usdjpy,639.865,744
2024-04-27D14:30:02.700000000,gbpchf,417.309,334
2024-04-27D14:30:02.800000000,eurjpy,494.784,322
2024-04-27D14:30:02.900000000,eurusd,497.113,576
2024-04-27D14:30:03.000000000,gbpusd,544.888,435
2024-04-27D14:30:03.100000000,gbpjpy,73.384,192
2024-04-27D14:30:03.200000000,euraud,694.938,970
2024-04-27D14:30:03.300000000,eurgbp,357.515,139
2024-04-27D14:30:03.400000000,eurgbp,301.03,817
2024-04-27D14:30:03.500000000,usdjpy,162.786,936
2024-04-27D14:30:03.600000000,eurgbp,830.552,936
2024-04-27D14:30:03.700000000,eurgbp,331.142,291
2024-04-27D14:30:03.800000000,gbpjpy,462.134,887
2024-04-27D14:30:03.900000000,euraud,845.975,838
2024-04-27D14:30:04.000000000,gbpusd,457.936,248
2024-04-27D14:30:04.100000000,euraud,401.633,917
2024-04-27D14:30:04.200000000,euraud,266.688,255
2024-04-27D14:30:04.300000000,eurusd,136.456,208
2024-04-27D14:30:04.400000000,gbpjpy,771.936,290
2024-04-27D14:30:04.500000000,gbpusd,496.582,974
2024-04-27D14:30:04.600000000,gbpjpy,821.41,363
2024-04-27D14:30:04.700000000,gbpusd,665.398,592
2024-04-27D14:30:04.800000000,euraud,10.855,385
2024-04-27D14:30:04.900000000,gbpusd,816.373,899
2024-04-27D14:30:05.000000000,gbpchf,759.349,158
2024-04-27D14:30:05.100000000,usdjpy,298.671,22
2024-04-27D14:30:05.200000000,gbpchf,956.913,844
2024-04-27D14:30:05.300000000,eurjpy,731.264,231
2024-04-27D14:30:05.400000000,usdjpy,774.728,813
2024-04-27D14:30:05.500000000,gbpusd,356.767,829
2024-04-27D14:30:05.600000000,gbpusd,865.649,806
2024-04-27D14:30:05.700000000,gbpusd,374.917,599
2024-04-27D14:30:05.800000000,gbpchf,988.733,273
2024-04-27D14:30:05.900000000,eurusd,512.958,75
2024-04-27D14:30:06.000000000,gbpjpy,992.635,169
2024-04-27D14:30:06.100000000,euraud,234.136,546
2024-04-27D14:30:06.200000000,eurusd,289.227,603
2024-04-27D14:30:06.300000000,eurgbp,309.683,197
2024-04-27D14:30:06.400000000,gbpchf,202.494,782
2024-04-27D14:30:06.500000000,gbpjpy,185.953,496
2024-04-27D14:30:06.600000000,gbpjpy,952.992,428
2024-04-27D14:30:06.700000000,eurjpy,543.969,606
2024-04-27D14:30:06.800000000,eurgbp,897.635,772
2024-04-27D14:30:06.900000000,eurjpy,845.325,933
2024-04-27D14:30:07.000000000,usdjpy,697.102,922
2024-04-27D14:30:07.100000000,eurjpy,853.903,779
2024-04-27D14:30:07.200000000,gbpusd,959.353,686
2024-04-27D14:30:07.300000000,gbpusd,798.179,728
2024-04-27D14:30:07.400000000,gbpchf,824.79,912
2024-04-27D14:30:07.500000000,gbpusd,811.898,376
2024-04-27D14:30:07.600000000,eurjpy,564.039,844
2024-04-27D14:30:07.700000000,eurgbp,199.554,724
2024-04-27D14:30:07.800000000,euraud,978.185,253
2024-04-27D14:30:07.900000000,eurusd,106.133,673
2024-04-27D14:30:08.000000000,eurusd,363.946,250
2024-04-27D14:30:08.100000000,usdjpy,650.414,794
2024-04-27D14:30:08.200000000,usdjpy,438.6,21
2024-04-27D14:30:08.300000000,gbpchf,481.153,989
2024-04-27D14:30:08.400000000,usdjpy,773.889,898
2024-04-27D14:30:08.500000000,gbpjpy,855.64,980
2024-04-27D14:30:08.600000000,gbpchf,640.091,123
2024-04-27D14:30:08.700000000,usdjpy,279.136,266
2024-04-27D14:30:08.800000000,eurjpy,996.334,495
2024-04-27D14:30:08.900000000,eurusd,680.091,552
2024-04-27D14:30:09.000000000,usdjpy,827.571,466
2024-04-27D14:30:09.100000000,gbpchf,607.352,567
2024-04-27D14:30:09.200000000,usdjpy,614.819,187
2024-04-27D14:30:09.300000000,eurgbp,468.926,390
2024-04-27D14:30:09.400000000,euraud,31.281,55
2024-04-27D14:30:09.500000000,eurjpy,790.447,109
2024-04-27D14:30:09.600000000,euraud,453.81,875
2024-04-27D14:30:09.700000000,gbpchf,501.742,830
2024-04-27D14:30:09.800000000,eurusd,446.306,167
2024-04-27D14:30:09.900000000,euraud,313.535,831
2024-04-27D14:30:10.000000000,eurgbp,732.837,2
2024-04-27D14:30:10.100000000,gbpjpy,256.179,352
2024-04-27D14:30:10.200000000,gbpchf,824.729,318
2024-04-27D14:30:10.300000000,gbpchf,585.574,362
2024-04-27D14:30:10.400000000,eurusd,256.718,80
2024-04-27D14:30:10.500000000,euraud,194.08,939
2024-04-27D14:30:10.600000000,eurgbp,60.029,729
2024-04-27D14:30:10.700000000,euraud,571.561,787
2024-04-27D14:30:10.800000000,euraud,797.495,790
2024-04-27D14:30:10.900000000,euraud,769.512,253
2024-04-27D14:30:11.000000000,usdjpy,185.438,489
2024-04-27D14:30:11.100000000,usdjpy,542.088,147
2024-04-27D14:30:11.200000000,eurjpy,271.572,25
2024-04-27D14:30:11.300000000,usdjpy,757.081,886
2024-04-27D14:30:11.400000000,eurusd,494.573,801
2024-04-27D14:30:11.500000000,eurjpy,241.378,525
2024-04-27D14:30:11.600000000,usdjpy,235.79,633
2024-04-27D14:30:11.700000000,gbpusd,776.296,658
2024-04-27D14:30:11.800000000,eurjpy,14.985,417
2024-04-27D14:30:11.900000000,eurjpy,130.112,585
2024-04-27D14:30:12.000000000,gbpjpy,484.371,690
2024-04-27D14:30:12.100000000,eurgbp,507.192,454
2024-04-27D14:30:12.200000000,euraud,888.06,778
2024-04-27D14:30:12.300000000,gbpjpy,731.832,708
2024-04-27D14:30:12.400000000,gbpchf,512.057,743
2024-04-27D14:30:12.500000000,gbpusd,766.859,639
2024-04-27D14:30:12.600000000,gbpjpy,677.536,869
2024-04-27D14:30:12.700000000,euraud,852.816,978
2024-04-27D14:30:12.800000000,eurusd,262.347,20
2024-04-27D14:30:12.900000000,gbpjpy,574.041,470
2024-04-27D14:30:13.000000000,eurjpy,201.223,42
2024-04-27D14:30:13.100000000,usdjpy,508.305,100
2024-04-27D14:30:13.200000000,eurjpy,75.843,122
2024-04-27D14:30:13.300000000,eurusd,793.626,96
2024-04-27D14:30:13.400000000,eurgbp,257.839,826
2024-04-27D14:30:13.500000000,eurusd,761.959,37
2024-04-27D14:30:13.600000000,euraud,691.169,951
2024-04-27D14:30:13.700000000,euraud,813.15,192
2024-04-27D14:30:13.800000000,eurjpy,489.419,665
2024-04-27D14:30:13.900000000,gbpchf,396.826,199
2024-04-27D14:30:14.000000000,gbpchf,435.463,238
2024-04-27D14:30:14.100000000,gbpusd,425.999,728
2024-04-27D14:30:14.200000000,euraud,281.603,139
2024-04-27D14:30:14.300000000,euraud,439.3,351
2024-04-27D14:30:14.400000000,eurjpy,427.709,269
2024-04-27D14:30:14.500000000,euraud,391.809,725
2024-04-27D14:30:14.600000000,gbpchf,45.905,23
2024-04-27D14:30:14.700000000,eurusd,29.725,770
2024-04-27D14:30:14.800000000,gbpusd,682.064,51
2024-04-27D14:30:14.900000000,euraud,170.212,210
2024-04-27D14:30:15.000000000,eurjpy,146.406,293
2024-04-27D14:30:15.100000000,euraud,509.406,321
2024-04-27D14:30:15.200000000,eurjpy,825.811,211
2024-04-27D14:30:15.300000000,gbpusd,916.04,454
2024-04-27D14:30:15.400000000,usdjpy,987.327,963
2024-04-27D14:30:15.500000000,gbpchf,88.825,502
2024-04-27D14:30:15.600000000,eurjpy,571.14,712
2024-04-27D14:30:15.700000000,euraud,746.044,460
2024-04-27D14:30:15.800000000,gbpjpy,478.468,903
2024-04-27D14:30:15.900000000,gbpusd,214.075,384
2024-04-27D14:30:16.000000000,gbpusd,35.223,291
2024-04-27D14:30:16.100000000,usdjpy,89.069,814
2024-04-27D14:30:16.200000000,gbpusd,592.223,977
2024-04-27D14:30:16.300000000,euraud,399.216,249
2024-04-27D14:30:16.400000000,usdjpy,980.371,970
2024-04-27D14:30:16.500000000,gbpusd,915.039,234
2024-04-27D14:30:16.600000000,gbpchf,604.962,92
2024-04-27D14:30:16.700000000,euraud,2.635,677
2024-04-27D14:30:16.800000000,gbpchf,248.238,425
2024-04-27D14:30:16.900000000,eurjpy,892.211,971
2024-04-27D14:30:17.000000000,eurusd,215.38,787
2024-04-27D14:30:17.100000000,gbpchf,331.117,359
2024-04-27D14:30:17.200000000,eurusd,726.068,279
2024-04-27D14:30:17.300000000,gbpchf,429.04,885
2024-04-27D14:30:17.400000000,eurusd,876.684,19
2024-04-27D14:30:17.500000000,eurusd,825.903,371
2024-04-27D14:30:17.600000000,eurgbp,598.836,328
2024-04-27D14:30:17.700000000,gbpusd,549.529,288
2024-04-27D14:30:17.800000000,usdjpy,896.891,184
2024-04-27D14:30:17.900000000,gbpchf,562.052,968
2024-04-27D14:30:18.000000000,euraud,811.378,250
2024-04-27D14:30:18.100000000,eurusd,182.308,918
2024-04-27D14:30:18.200000000,euraud,949.763,610
2024-04-27D14:30:18.300000000,gbpchf,485.864,167
2024-04-27D14:30:18.400000000,gbpchf,174.876,612
2024-04-27D14:30:18.500000000,eurusd,343.51,503
2024-04-27D14:30:18.600000000,eurgbp,787.935,25
2024-04-27D14:30:18.700000000,gbpusd,909.484,948
2024-04-27D14:30:18.800000000,euraud,671.58,78
2024-04-27D14:30:18.900000000,gbpjpy,864.885,544
2024-04-27D14:30:19.000000000,gbpusd,906.231,981
2024-04-27D14:30:19.100000000,usdjpy,578.827,495
2024-04-27D14:30:19.200000000,eurusd,511.911,330
2024-04-27D14:30:19.300000000,euraud,247.987,157
2024-04-27D14:30:19.400000000,gbpchf,975.608,579
2024-04-27D14:30:19.500000000,usdjpy,586.911,860
2024-04-27D14:30:19.600000000,eurgbp,272.902,697
2024-04-27D14:30:19.700000000,eurgbp,264.464,736
2024-04-27D14:30:19.800000000,gbpusd,147.595,531
2024-04-27D14:30:19.900000000,eurjpy,208.877,107
2024-04-27D14:30:20.000000000,gbpjpy,448.97,203
2024-04-27D14:30:20.100000000,eurgbp,546.889,787
2024-04-27D14:30:20.200000000,gbpjpy,706.721,465
2024-04-27D14:30:20.300000000,gbpchf,381.071,971
2024-04-27D14:30:20.400000000,gbpusd,97.738,777
2024-04-27D14:30:20.500000000,euraud,979.724,215
2024-04-27D14:30:20.600000000,gbpchf,422.321,820
2024-04-27D14:30:20.700000000,gbpjpy,602.129,87
2024-04-27D14:30:20.800000000,usdjpy,70.739,572
2024-04-27D14:30:20.900000000,euraud,51.429,555
2024-04-27D14:30:21.000000000,gbpchf,620.574,540
2024-04-27D14:30:21.100000000,gbpjpy,980.109,726
2024-04-27D14:30:21.200000000,eurusd,989.965,149
2024-04-27D14:30:21.300000000,gbpchf,542.011,105
2024-04-27D14:30:21.400000000,usdjpy,314.334,127
2024-04-27D14:30:21.500000000,euraud,228.451,742
2024-04-27D14:30:21.600000000,eurgbp,338.158,789
2024-04-27D14:30:21.700000000,eurjpy,196.746,549
2024-04-27D14:30:21.800000000,gbpjpy,914.014,665
2024-04-27D14:30:21.900000000,gbpjpy,422.277,185
2024-04-27D14:30:22.000000000,eurusd,924.193,322
2024-04-27D14:30:22.100000000,gbpchf,806.782,319
2024-04-27D14:30:22.200000000,gbpusd,21.133,989
2024-04-27D14:30:22.300000000,eurjpy,749.541,57
2024-04-27D14:30:22.400000000,usdjpy,481.659,108
2024-04-27D14:30:22.500000000,gbpchf,772.03,111
2024-04-27D14:30:22.600000000,eurusd,140.492,306
2024-04-27D14:30:22.700000000,gbpchf,26.802,887
2024-04-27D14:30:22.800000000,gbpchf,880.059,900
2024-04-27D14:30:22.900000000,eurusd,428.337,506
2024-04-27D14:30:23.000000000,euraud,877.427,712
2024-04-27D14:30:23.100000000,eurjpy,699.294,36
2024-04-27D14:30:23.200000000,gbpjpy,585.904,407
2024-04-27D14:30:23.300000000,gbpusd,624.162,198
2024-04-27D14:30:23.400000000,euraud,161.979,340
2024-04-27D14:30:23.500000000,gbpjpy,0.327,933
2024-04-27D14:30:23.600000000,gbpchf,651.609,760
2024-04-27D14:30:23.700000000,gbpchf,377.385,446
2024-04-27D14:30:23.800000000,usdjpy,271.641,70
2024-04-27D14:30:23.900000000,eurgbp,369.444,408
2024-04-27D14:30:24.000000000,eurusd,580.976,115
2024-04-27D14:30:24.100000000,eurjpy,65.486,348
2024-04-27D14:30:24.200000000,eurusd,33.073,490
2024-04-27D14:30:24.300000000,eurjpy,330.642,773
2024-04-27D14:30:24.400000000,eurjpy,699.676,210
2024-04-27D14:30:24.500000000,gbpjpy,50.157,917
2024-04-27D14:30:24.600000000,usdjpy,866.203,267
2024-04-27D14:30:24.700000000,euraud,260.16,79
2024-04-27D14:30:24.800000000,eurjpy,860.997,141
2024-04-27D14:30:24.900000000,eurgbp,468.927,131
2024-04-27D14:30:25.000000000,gbpusd,634.72,236
2024-04-27D14:30:25.100000000,usdjpy,858.346,866
2024-04-27D14:30:25.200000000,usdjpy,405.575,419
2024-04-27D14:30:25.300000000,gbpusd,312.207,24
2024-04-27D14:30:25.400000000,usdjpy,869.362,852
2024-04-27D14:30:25.500000000,gbpusd,236.886,871
2024-04-27D14:30:25.600000000,gbpchf,115.081,37
2024-04-27D14:30:25.700000000,eurgbp,859.142,884
2024-04-27D14:30:25.800000000,gbpjpy,760.584,2
2024-04-27D14:30:25.900000000,eurusd,830.002,129
2024-04-27D14:30:26.000000000,euraud,919.092,196
2024-04-27D14:30:26.100000000,euraud,87.807,420
2024-04-27D14:30:26.200000000,eurjpy,650.084,432
2024-04-27D14:30:26.300000000,gbpchf,851.748,725
2024-04-27D14:30:26.400000000,gbpusd,775.142,644
2024-04-27D14:30:26.500000000,gbpchf,942.579,267
2024-04-27D14:30:26.600000000,gbpjpy,411.683,408
2024-04-27D14:30:26.700000000,euraud,79.831,832
2024-04-27D14:30:26.800000000,euraud,545.024,199
2024-04-27D14:30:26.900000000,gbpchf,91.423,17
2024-04-27D14:30:27.000000000,gbpusd,994.783,462
2024-04-27D14:30:27.100000000,usdjpy,517.497,872
2024-04-27D14:30:27.200000000,eurusd,911.699,284
2024-04-27D14:30:27.300000000,eurgbp,56.054,699
2024-04-27D14:30:27.400000000,gbpusd,127.221,471
2024-04-27D14:30:27.500000000,gbpjpy,820.915,921
2024-04-27D14:30:27.600000000,eurjpy,936.99,500
2024-04-27D14:30:27.700000000,euraud,402.015,158
2024-04-27D14:30:27.800000000,eurjpy,642.2,13
2024-04-27D14:30:27.900000000,gbpjpy,166.128,218
2024-04-27D14:30:28.000000000,euraud,500.529,606
2024-04-27D14:30:28.100000000,usdjpy,559.852,513
2024-04-27D14:30:28.200000000,euraud,663.186,397
2024-04-27D14:30:28.300000000,eurusd,108.261,417
2024-04-27D14:30:28.400000000,gbpchf,913.778,211
2024-04-27D14:30:28.500000000,gbpusd,970.102,942
2024-04-27D14:30:28.600000000,euraud,899.888,428
2024-04-27D14:30:28.700000000,eurusd,907.118,267
2024-04-27D14:30:28.800000000,gbpusd,301.513,586
2024-04-27D14:30:28.900000000,usdjpy,540.667,578
2024-04-27D14:30:29.000000000,eurgbp,379.565,984
2024-04-27D14:30:29.100000000,eurgbp,505.25,759
2024-04-27D14:30:29.200000000,eurusd,17.994,127
2024-04-27D14:30:29.300000000,eurgbp,222.467,446
2024-04-27D14:30:29.400000000,gbpjpy,816.702,199
2024-04-27D14:30:29.500000000,eurusd,983.838,459
2024-04-27D14:30:29.600000000,eurjpy,347.61,870
2024-04-27D14:30:29.700000000,eurjpy,585.979,700
2024-04-27D14:30:29.800000000,eurjpy,722.385,784
2024-04-27D14:30:29.900000000,gbpjpy,14.72,52
2024-04-27D14:30:30.000000000,eurgbp,260.505,380
2024-04-27D14:30:30.100000000,gbpjpy,124.314,221
2024-04-27D14:30:30.200000000,euraud,925.869,708
2024-04-27D14:30:30.300000000,usdjpy,932.199,784
2024-04-27D14:30:30.400000000,usdjpy,217.021,818
2024-04-27D14:30:30.500000000,gbpusd,960.724,588
2024-04-27D14:30:30.600000000,usdjpy,446.502,630
2024-04-27D14:30:30.700000000,euraud,630.334,587
2024-04-27D14:30:30.800000000,gbpusd,499.851,909
2024-04-27D14:30:30.900000000,eurjpy,88.294,170
2024-04-27D14:30:31.000000000,gbpjpy,251.896,682
2024-04-27D14:30:31.100000000,usdjpy,26.09,738
2024-04-27D14:30:31.200000000,eurjpy,4.209,867
2024-04-27D14:30:31.300000000,eurgbp,9.55,644
2024-04-27D14:30:31.400000000,eurgbp,524.516,486
2024-04-27D14:30:31.500000000,eurgbp,43.391,693
2024-04-27D14:30:31.600000000,usdjpy,504.302,775
2024-04-27D14:30:31.700000000,eurusd,56.557,787
2024-04-27D14:30:31.800000000,usdjpy,919.79,197
2024-04-27D14:30:31.900000000,usdjpy,203.534,666
2024-04-27D14:30:32.000000000,eurjpy,608.98,634
2024-04-27D14:30:32.100000000,gbpchf,811.438,431
2024-04-27D14:30:32.200000000,eurjpy,12.013,177
2024-04-27D14:30:32.300000000,gbpjpy,889.572,462
2024-04-27D14:30:32.400000000,gbpchf,936.995,469
2024-04-27D14:30:32.500000000,eurjpy,820.552,437
2024-04-27D14:30:32.600000000,eurusd,355.177,907
2024-04-27D14:30:32.700000000,gbpjpy,945.003,113
2024-04-27D14:30:32.800000000,eurgbp,520.432,751
2024-04-27D14:30:32.900000000,eurgbp,854.144,92
2024-04-27D14:30:33.000000000,gbpusd,649.773,701
2024-04-27D14:30:33.100000000,usdjpy,753.253,723
2024-04-27D14:30:33.200000000,eurgbp,89.569,277
2024-04-27D14:30:33.300000000,eurjpy,177.656,609
2024-04-27D14:30:33.400000000,euraud,324.491,531
2024-04-27D14:30:33.500000000,eurgbp,806.762,787
2024-04-27D14:30:33.600000000,eurusd,593.924,476
2024-04-27D14:30:33.700000000,gbpchf,470.8,653
2024-04-27D14:30:33.800000000,euraud,727.398,666
2024-04-27D14:30:33.900000000,usdjpy,319.693,940
2024-04-27D14:30:34.000000000,eurusd,480.521,112
2024-04-27D14:30:34.100000000,gbpjpy,214.67,384
2024-04-27D14:30:34.200000000,euraud,260.027,96
2024-04-27D14:30:34.300000000,gbpchf,696.272,156
2024-04-27D14:30:34.400000000,gbpusd,595.21,139
2024-04-27D14:30:34.500000000,eurusd,97.029,612
2024-04-27D14:30:34.600000000,eurgbp,120.151,236
2024-04-27D14:30:34.700000000,gbpchf,366.329,176
2024-04-27D14:30:34.800000000,euraud,97.896,999
2024-04-27D14:30:34.900000000,eurjpy,596.471,810
2024-04-27D14:30:35.000000000,gbpjpy,575.976,65
2024-04-27D14:30:35.100000000,euraud,692.129,555
2024-04-27D14:30:35.200000000,gbpjpy,532.42,818
2024-04-27D14:30:35.300000000,gbpjpy,961.715,323
2024-04-27D14:30:35.400000000,gbpjpy,324.265,321
2024-04-27D14:30:35.500000000,gbpjpy,997.95,320
2024-04-27D14:30:35.600000000,eurusd,420.358,232
2024-04-27D14:30:35.700000000,euraud,185.823,303
2024-04-27D14:30:35.800000000,eurgbp,912.59,239
2024-04-27D14:30:35.900000000,eurgbp,560.925,187
2024-04-27D14:30:36.000000000,gbpjpy,976.922,827
2024-04-27D14:30:36.100000000,gbpchf,52.078,26
2024-04-27D14:30:36.200000000,eurgbp,760.719,267
2024-04-27D14:30:36.300000000,eurgbp,128.484,375
2024-04-27D14:30:36.400000000,eurgbp,416.249,190
2024-04-27D14:30:36.500000000,euraud,161.625,325
2024-04-27D14:30:36.600000000,euraud,637.574,633
2024-04-27D14:30:36.700000000,gbpjpy,462.503,676
2024-04-27D14:30:36.800000000,euraud,964.47,667
2024-04-27D14:30:36.900000000,euraud,47.11,470
2024-04-27D14:30:37.000000000,gbpusd,219.203,206
2024-04-27D14:30:37.100000000,eurjpy,727.419,506
2024-04-27D14:30:37.200000000,eurjpy,307.374,305
2024-04-27D14:30:37.300000000,usdjpy,905.567,237
2024-04-27D14:30:37.400000000,gbpchf,170.038,987
2024-04-27D14:30:37.500000000,gbpjpy,167.521,609
2024-04-27D14:30:37.600000000,usdjpy,77.342,842
2024-04-27D14:30:37.700000000,gbpjpy,377.979,888
2024-04-27D14:30:37.800000000,eurjpy,136.474,276
2024-04-27D14:30:37.900000000,eurjpy,911.895,142
2024-04-27D14:30:38.000000000,usdjpy,423.675,417
2024-04-27D14:30:38.100000000,gbpjpy,790.715,83
2024-04-27D14:30:38.200000000,euraud,883.998,704
2024-04-27D14:30:38.300000000,gbpchf,610.808,571
2024-04-27D14:30:38.400000000,eurjpy,626.653,168
2024-04-27D14:30:38.500000000,gbpchf,948.627,11
2024-04-27D14:30:38.600000000,gbpusd,415.603,97
2024-04-27D14:30:38.700000000,eurgbp,59.22,407
2024-04-27D14:30:38.800000000,eurgbp,744.004,118
2024-04-27D14:30:38.900000000,usdjpy,462.025,968
2024-04-27D14:30:39.000000000,usdjpy,658.843,636
2024-04-27D14:30:39.100000000,usdjpy,501.235,54
2024-04-27D14:30:39.200000000,gbpjpy,47.956,305
2024-04-27D14:30:39.300000000,gbpjpy,497.838,156
2024-04-27D14:30:39.400000000,eurgbp,949.715,2
2024-04-27D14:30:39.500000000,euraud,208.351,167
2024-04-27D14:30:39.600000000,eurgbp,487.999,41
2024-04-27D14:30:39.700000000,gbpchf,260.681,571
2024-04-27D14:30:39.800000000,euraud,85.04,491
2024-04-27D14:30:39.900000000,usdjpy,996.286,100
2024-04-27D14:30:40.000000000,eurjpy,144.461,224
2024-04-27D14:30:40.100000000,euraud,226.374,763
2024-04-27D14:30:40.200000000,eurusd,886.845,15
2024-04-27D14:30:40.300000000,gbpusd,811.263,537
2024-04-27D14:30:40.400000000,eurgbp,208.667,670
2024-04-27D14:30:40.500000000,eurusd,144.66,982
2024-04-27D14:30:40.600000000,eurjpy,72.496,365
2024-04-27D14:30:40.700000000,eurusd,896.404,509
2024-04-27D14:30:40.800000000,gbpusd,48.567,178
2024-04-27D14:30:40.900000000,euraud,99.036,426
2024-04-27D14:30:41.000000000,eurjpy,278.747,459
2024-04-27D14:30:41.100000000,gbpjpy,871.009,9
2024-04-27D14:30:41.200000000,gbpusd,906.784,219
2024-04-27D14:30:41.300000000,gbpchf,441.965,6
2024-04-27D14:30:41.400000000,eurgbp,887.519,526
2024-04-27D14:30:41.500000000,eurusd,824.317,963
2024-04-27D14:30:41.600000000,eurjpy,889.652,377
2024-04-27D14:30:41.700000000,eurusd,876.773,281
2024-04-27D14:30:41.800000000,gbpusd,200.19,113
2024-04-27D14:30:41.900000000,usdjpy,191.997,904
2024-04-27D14:30:42.000000000,eurjpy,889.063,815
2024-04-27D14:30:42.100000000,eurgbp,701.325,150
2024-04-27D14:30:42.200000000,usdjpy,315.868,607
2024-04-27D14:30:42.300000000,gbpjpy,60.944,466
2024-04-27D14:30:42.400000000,euraud,327.331,265
2024-04-27D14:30:42.500000000,gbpchf,747.09,343
2024-04-27D14:30:42.600000000,euraud,764.816,485
2024-04-27D14:30:42.700000000,eurgbp,268.57,682
2024-04-27D14:30:42.800000000,euraud,598.847,104
2024-04-27D14:30:42.900000000,eurusd,738.453,459
2024-04-27D14:30:43.000000000,gbpjpy,276.03,887
2024-04-27D14:30:43.100000000,gbpusd,195.126,748
2024-04-27D14:30:43.200000000,eurjpy,590.789,792
2024-04-27D14:30:43.300000000,eurusd,151.625,85
2024-04-27D14:30:43.400000000,eurjpy,200.153,946
2024-04-27D14:30:43.500000000,eurusd,901.085,951
2024-04-27D14:30:43.600000000,gbpjpy,26.333,939
2024-04-27D14:30:43.700000000,usdjpy,444.354,218
2024-04-27D14:30:43.800000000,usdjpy,720.093,513
2024-04-27D14:30:43.900000000,euraud,891.891,457
2024-04-27D14:30:44.000000000,euraud,488.291,717
2024-04-27D14:30:44.100000000,gbpchf,19.397,415
2024-04-27D14:30:44.200000000,usdjpy,895.809,889
2024-04-27D14:30:44.300000000,euraud,352.031,751
2024-04-27D14:30:44.400000000,gbpchf,418.489,946
2024-04-27D14:30:44.500000000,eurusd,185.885,421
2024-04-27D14:30:44.600000000,gbpchf,916.722,119
2024-04-27D14:30:44.700000000,eurjpy,684.654,975
2024-04-27D14:30:44.800000000,usdjpy,728.025,742
2024-04-27D14:30:44.900000000,gbpusd,928.062,301
2024-04-27D14:30:45.000000000,gbpjpy,712.454,602
2024-04-27D14:30:45.100000000,gbpjpy,483.635,417
2024-04-27D14:30:45.200000000,gbpjpy,298.801,332
2024-04-27D14:30:45.300000000,euraud,606.21,937
2024-04-27D14:30:45.400000000,eurgbp,177.14,840
2024-04-27D14:30:45.500000000,gbpchf,656.852,624
2024-04-27D14:30:45.600000000,eurgbp,261.037,919
2024-04-27D14:30:45.700000000,euraud,849.321,281
2024-04-27D14:30:45.800000000,euraud,475.119,457
2024-04-27D14:30:45.900000000,eurusd,104.489,948
2024-04-27D14:30:46.000000000,eurjpy,316.511,839
2024-04-27D14:30:46.100000000,gbpusd,426.362,871
2024-04-27D14:30:46.200000000,eurjpy,658.548,891
2024-04-27D14:30:46.300000000,eurusd,906.347,34
2024-04-27D14:30:46.400000000,gbpjpy,980.919,15
2024-04-27D14:30:46.500000000,gbpjpy,503.435,120
2024-04-27D14:30:46.600000000,eurusd,708.985,316
2024-04-27D14:30:46.700000000,euraud,900.032,463
2024-04-27D14:30:46.800000000,gbpchf,353.672,119
2024-04-27D14:30:46.900000000,gbpjpy,663.057,323
2024-04-27D14:30:47.000000000,gbpjpy,468.787,85
2024-04-27D14:30:47.100000000,usdjpy,604.722,16
2024-04-27D14:30:47.200000000,usdjpy,190.052,568
2024-04-27D14:30:47.300000000,eurjpy,878.395,915
2024-04-27D14:30:47.400000000,eurgbp,479.114,464
2024-04-27D14:30:47.500000000,usdjpy,312.343,897
2024-04-27D14:30:47.600000000,gbpjpy,370.44,864
2024-04-27D14:30:47.700000000,euraud,39.003,780
2024-04-27D14:30:47.800000000,usdjpy,633.936,14
2024-04-27D14:30:47.900000000,gbpjpy,58.072,137
2024-04-27D14:30:48.000000000,gbpchf,402.131,219
2024-04-27D14:30:48.100000000,gbpchf,447.038,208
2024-04-27D14:30:48.200000000,eurgbp,372.976,979
2024-04-27D14:30:48.300000000,gbpchf,599.23,431
2024-04-27D14:30:48.400000000,euraud,565.241,928
2024-04-27D14:30:48.500000000,euraud,990.695,212
2024-04-27D14:30:48.600000000,eurusd,799.286,975
2024-04-27D14:30:48.700000000,gbpusd,173.235,249
2024-04-27D14:30:48.800000000,eurgbp,161.722,602
2024-04-27D14:30:48.900000000,eurusd,947.036,122
2024-04-27D14:30:49.000000000,gbpusd,284.066,449
2024-04-27D14:30:49.100000000,gbpjpy,470.607,272
2024-04-27D14:30:49.200000000,gbpjpy,993.845,387
2024-04-27D14:30:49.300000000,gbpchf,244.552,307
2024-04-27D14:30:49.400000000,gbpjpy,279.063,812
2024-04-27D14:30:49.500000000,eurgbp,664.736,734
2024-04-27D14:30:49.600000000,eurgbp,279.591,460
2024-04-27D14:30:49.700000000,euraud,131.135,981
2024-04-27D14:30:49.800000000,eurjpy,954.513,54
2024-04-27D14:30:49.900000000,eurjpy,650.698,537
2024-04-27D14:30:50.000000000,gbpusd,766.676,861
2024-04-27D14:30:50.100000000,gbpjpy,531.343,953
2024-04-27D14:30:50.200000000,eurgbp,518.094,592
2024-04-27D14:30:50.300000000,usdjpy,904.177,583
2024-04-27D14:30:50.400000000,gbpjpy,450.81,311
2024-04-27D14:30:50.500000000,euraud,57.891,882
2024-04-27D14:30:50.600000000,usdjpy,686.778,660
2024-04-27D14:30:50.700000000,usdjpy,554.044,927
2024-04-27D14:30:50.800000000,eurgbp,646.261,224
2024-04-27D14:30:50.900000000,gbpusd,262.78,146
2024-04-27D14:30:51.000000000,gbpusd,518.989,283
2024-04-27D14:30:51.100000000,gbpusd,38.59,707
2024-04-27D14:30:51.200000000,gbpchf,862.567,556
2024-04-27D14:30:51.300000000,gbpusd,536.617,123
2024-04-27D14:30:51.400000000,gbpjpy,871.983,128
2024-04-27D14:30:51.500000000,gbpchf,677.354,877
2024-04-27D14:30:51.600000000,euraud,649.881,318
2024-04-27D14:30:51.700000000,euraud,933.224,225
2024-04-27D14:30:51.800000000,usdjpy,254.191,795
2024-04-27D14:30:51.900000000,eurusd,505.229,246
2024-04-27D14:30:52.000000000,gbpjpy,755.671,745
2024-04-27D14:30:52.100000000,usdjpy,421.645,932
2024-04-27D14:30:52.200000000,gbpjpy,91.999,957
2024-04-27D14:30:52.300000000,euraud,943.664,773
2024-04-27D14:30:52.400000000,eurusd,76.644,958
2024-04-27D14:30:52.500000000,eurusd,983.889,81
2024-04-27D14:30:52.600000000,gbpusd,146.235,578
2024-04-27D14:30:52.700000000,eurgbp,173.401,45
2024-04-27D14:30:52.800000000,usdjpy,791.06,362
2024-04-27D14:30:52.900000000,eurgbp,871.338,409
2024-04-27D14:30:53.000000000,eurgbp,730.647,44
2024-04-27D14:30:53.100000000,gbpchf,935.416,84
2024-04-27D14:30:53.200000000,usdjpy,47.094,798
2024-04-27D14:30:53.300000000,euraud,840.727,656
2024-04-27D14:30:53.400000000,gbpchf,443.318,360
2024-04-27D14:30:53.500000000,euraud,534.304,330
2024-04-27D14:30:53.600000000,eurusd,405.441,257
2024-04-27D14:30:53.700000000,usdjpy,310.543,704
2024-04-27D14:30:53.800000000,usdjpy,277.453,215
2024-04-27D14:30:53.900000000,eurgbp,717.309,699
2024-04-27D14:30:54.000000000,eurusd,122.236,416
2024-04-27D14:30:54.100000000,euraud,811.318,870
2024-04-27D14:30:54.200000000,usdjpy,549.301,407
2024-04-27D14:30:54.300000000,euraud,598.339,283
2024-04-27D14:30:54.400000000,gbpchf,512.454,339
2024-04-27D14:30:54.500000000,eurjpy,703.234,228
2024-04-27D14:30:54.600000000,gbpchf,865.853,103
2024-04-27D14:30:54.700000000,usdjpy,906.349,283
2024-04-27D14:30:54.800000000,gbpjpy,802.549,580
2024-04-27D14:30:54.900000000,gbpchf,133.578,506
2024-04-27D14:30:55.000000000,gbpchf,100.863,329
2024-04-27D14:30:55.100000000,gbpchf,253.024,909
2024-04-27D14:30:55.200000000,eurjpy,345.062,424
2024-04-27D14:30:55.300000000,eurgbp,481.383,298
2024-04-27D14:30:55.400000000,gbpchf,449.75,851
2024-04-27D14:30:55.500000000,eurgbp,892.711,376
2024-04-27D14:30:55.600000000,eurjpy,828.119,806
2024-04-27D14:30:55.700000000,eurgbp,907.494,71
2024-04-27D14:30:55.800000000,euraud,317.593,514
2024-04-27D14:30:55.900000000,gbpusd,770.402,569
2024-04-27D14:30:56.000000000,gbpjpy,620.061,79
2024-04-27D14:30:56.100000000,euraud,789.549,988
2024-04-27D14:30:56.200000000,usdjpy,932.993,986
2024-04-27D14:30:56.300000000,gbpchf,864.68,123
2024-04-27D14:30:56.400000000,euraud,427.294,707
2024-04-27D14:30:56.500000000,eurgbp,842.499,952
2024-04-27D14:30:56.600000000,euraud,485.247,780
2024-04-27D14:30:56.700000000,eurusd,80.285,983
2024-04-27D14:30:56.800000000,gbpchf,197.745,706
2024-04-27D14:30:56.900000000,eurgbp,88.355,935
2024-04-27D14:30:57.000000000,eurjpy,159.272,32
2024-04-27D14:30:57.100000000,euraud,357.627,55
2024-04-27D14:30:57.200000000,gbpjpy,675.505,529
2024-04-27D14:30:57.300000000,eurjpy,7.537,128
2024-04-27D14:30:57.400000000,eurjpy,798.445,830
2024-04-27D14:30:57.500000000,usdjpy,32.806,344
2024-04-27D14:30:57.600000000,gbpusd,883.907,345
2024-04-27D14:30:57.700000000,eurusd,29.218,364
2024-04-27D14:30:57.800000000,usdjpy,6.372,867
2024-04-27D14:30:57.900000000,gbpjpy,16.025,427
2024-04-27D14:30:58.000000000,gbpusd,289.958,195
2024-04-27D14:30:58.100000000,gbpchf,747.793,350
2024-04-27D14:30:58.200000000,eurjpy,366.887,629
2024-04-27D14:30:58.300000000,gbpjpy,500.491,615
2024-04-27D14:30:58.400000000,eurjpy,794.496,697
2024-04-27D14:30:58.500000000,gbpjpy,394.44,41
2024-04-27D14:30:58.600000000,gbpchf,931.623,637
2024-04-27D14:30:58.700000000,eurusd,616.229,312
2024-04-27D14:30:58.800000000,eurusd,891.173,588
2024-04-27D14:30:58.900000000,eurusd,202.212,671
2024-04-27D14:30:59.000000000,eurusd,809.296,45
2024-04-27D14:30:59.100000000,gbpusd,642.819,691
2024-04-27D14:30:59.200000000,eurjpy,629.623,934
2024-04-27D14:30:59.300000000,gbpjpy,874.507,482
2024-04-27D14:30:59.400000000,euraud,569.379,171
2024-04-27D14:30:59.500000000,eurgbp,832.798,378
2024-04-27D14:30:59.600000000,eurgbp,261.568,476
2024-04-27D14:30:59.700000000,eurusd,720.318,880
2024-04-27D14:30:59.800000000,euraud,754.961,740
2024-04-27D14:30:59.900000000,eurjpy,884.993,991
2024-04-27D14:31:00.000000000,usdjpy,899.804,704
2024-04-27D14:31:00.100000000,eurusd,700.462,193
2024-04-27D14:31:00.200000000,eurgbp,251.314,42
2024-04-27D14:31:00.300000000,gbpjpy,435.203,608
2024-04-27D14:31:00.400000000,eurusd,806.305,184
2024-04-27D14:31:00.500000000,euraud,161.116,299
2024-04-27D14:31:00.600000000,eurgbp,584.21,411
2024-04-27D14:31:00.700000000,euraud,274.907,713
2024-04-27D14:31:00.800000000,eurjpy,308.922,69
2024-04-27D14:31:00.900000000,gbpchf,328.657,127
2024-04-27D14:31:01.000000000,euraud,756.096,898
2024-04-27D14:31:01.100000000,eurusd,63.756,822
2024-04-27D14:31:01.200000000,gbpusd,475.523,197
2024-04-27D14:31:01.300000000,gbpusd,298.839,56
2024-04-27D14:31:01.400000000,gbpchf,894.766,964
2024-04-27D14:31:01.500000000,eurjpy,850.366,826
2024-04-27D14:31:01.600000000,euraud,142.666,593
2024-04-27D14:31:01.700000000,eurusd,42.936,332
2024-04-27D14:31:01.800000000,eurjpy,771.568,502
2024-04-27D14:31:01.900000000,gbpchf,960.784,705
2024-04-27D14:31:02.000000000,eurgbp,813.917,110
2024-04-27D14:31:02.100000000,gbpusd,272.767,722
2024-04-27D14:31:02.200000000,gbpusd,184.109,410
2024-04-27D14:31:02.300000000,gbpjpy,333.685,757
2024-04-27D14:31:02.400000000,eurjpy,822.135,790
2024-04-27D14:31:02.500000000,gbpusd,796.065,446
2024-04-27D14:31:02.600000000,gbpchf,978.59,425
2024-04-27D14:31:02.700000000,usdjpy,642.997,143
2024-04-27D14:31:02.800000000,usdjpy,108.569,487
2024-04-27D14:31:02.900000000,eurusd,956.124,145
2024-04-27D14:31:03.000000000,gbpjpy,840.927,225
2024-04-27D14:31:03.100000000,eurjpy,369.01,242
2024-04-27D14:31:03.200000000,eurgbp,252.439,153
2024-04-27D14:31:03.300000000,eurgbp,957.831,639
2024-04-27D14:31:03.400000000,gbpusd,352.278,900
2024-04-27D14:31:03.500000000,gbpjpy,472.612,495
2024-04-27D14:31:03.600000000,gbpusd,253.348,127
2024-04-27D14:31:03.700000000,gbpchf,76.318,35
2024-04-27D14:31:03.800000000,usdjpy,367.168,477
2024-04-27D14:31:03.900000000,gbpchf,507.793,252
2024-04-27D14:31:04.000000000,eurjpy,830.893,482
2024-04-27D14:31:04.100000000,usdjpy,444.589,965
2024-04-27D14:31:04.200000000,gbpusd,668.611,604
2024-04-27D14:31:04.300000000,usdjpy,767.502,825
2024-04-27D14:31:04.400000000,eurusd,968.343,161
2024-04-27D14:31:04.500000000,euraud,822.064,472
2024-04-27D14:31:04.600000000,usdjpy,972.171,407
2024-04-27D14:31:04.700000000,eurusd,58.282,15
2024-04-27D14:31:04.800000000,gbpchf,252.87,447
2024-04-27D14:31:04.900000000,eurjpy,69.735,919
2024-04-27D14:31:05.000000000,eurusd,558.733,131
2024-04-27D14:31:05.100000000,eurgbp,350.413,608
2024-04-27D14:31:05.200000000,eurgbp,255.566,310
2024-04-27D14:31:05.300000000,gbpjpy,91.331,997
2024-04-27D14:31:05.400000000,gbpjpy,855.601,867
2024-04-27D14:31:05.500000000,euraud,258.301,16
2024-04-27D14:31:05.600000000,eurgbp,98.549,941
2024-04-27D14:31:05.700000000,eurjpy,888,489
2024-04-27D14:31:05.800000000,usdjpy,499.563,986
2024-04-27D14:31:05.900000000,eurgbp,604.696,311
2024-04-27D14:31:06.000000000,gbpusd,320.329,344
2024-04-27D14:31:06.100000000,euraud,330.948,996
2024-04-27D14:31:06.200000000,euraud,578.477,768
2024-04-27D14:31:06.300000000,gbpjpy,292.753,742
2024-04-27D14:31:06.400000000,gbpjpy,408.947,569
2024-04-27D14:31:06.500000000,eurgbp,902.855,639
2024-04-27D14:31:06.600000000,eurgbp,235.792,530
2024-04-27D14:31:06.700000000,eurgbp,682.904,880
2024-04-27D14:31:06.800000000,eurusd,678.282,56
2024-04-27D14:31:06.900000000,usdjpy,54.445,164
2024-04-27D14:31:07.000000000,usdjpy,777.383,148
2024-04-27D14:31:07.100000000,eurjpy,841.881,80
2024-04-27D14:31:07.200000000,gbpchf,180.842,159
2024-04-27D14:31:07.300000000,eurjpy,456.861,433
2024-04-27D14:31:07.400000000,usdjpy,513.141,762
2024-04-27D14:31:07.500000000,gbpchf,486.874,684
2024-04-27D14:31:07.600000000,eurjpy,531.955,744
2024-04-27D14:31:07.700000000,eurusd,650.268,78
2024-04-27D14:31:07.800000000,gbpchf,817.401,524
2024-04-27D14:31:07.900000000,euraud,992.425,260
2024-04-27D14:31:08.000000000,gbpjpy,248.842,247
2024-04-27D14:31:08.100000000,gbpchf,952.625,917
2024-04-27D14:31:08.200000000,eurusd,949.594,31
2024-04-27D14:31:08.300000000,gbpjpy,519.63,22
2024-04-27D14:31:08.400000000,usdjpy,575.181,923
2024-04-27D14:31:08.500000000,eurgbp,94.048,176
2024-04-27D14:31:08.600000000,gbpusd,738.458,524
2024-04-27D14:31:08.700000000,euraud,305.847,511
2024-04-27D14:31:08.800000000,usdjpy,882.183,417
2024-04-27D14:31:08.900000000,gbpjpy,654.099,848
2024-04-27D14:31:09.000000000,euraud,116.826,111
2024-04-27D14:31:09.100000000,gbpusd,97.557,430
2024-04-27D14:31:09.200000000,eurusd,723.863,452
2024-04-27D14:31:09.300000000,gbpusd,199.563,323
2024-04-27D14:31:09.400000000,euraud,499.871,133
2024-04-27D14:31:09.500000000,usdjpy,44.763,705
2024-04-27D14:31:09.600000000,eurgbp,569.997,874
2024-04-27D14:31:09.700000000,eurgbp,231.958,784
2024-04-27D14:31:09.800000000,gbpjpy,351.21,684
2024-04-27D14:31:09.900000000,euraud,121.613,303
2024-04-27D14:31:10.000000000,eurjpy,334.67,926
2024-04-27D14:31:10.100000000,eurusd,268.426,298
2024-04-27D14:31:10.200000000,usdjpy,945.824,787
2024-04-27D14:31:10.300000000,eurjpy,284.861,556
2024-04-27D14:31:10.400000000,euraud,624.498,693
2024-04-27D14:31:10.500000000,eurgbp,169.983,737
2024-04-27D14:31:10.600000000,euraud,254.639,516
2024-04-27D14:31:10.700000000,eurgbp,969.407,904
2024-04-27D14:31:10.800000000,usdjpy,840.69,789
2024-04-27D14:31:10.900000000,usdjpy,958.287,919
2024-04-27D14:31:11.000000000,euraud,826.598,924
2024-04-27D14:31:11.100000000,usdjpy,268.193,103
2024-04-27D14:31:11.200000000,gbpjpy,234.344,622
2024-04-27D14:31:11.300000000,eurusd,952.061,424
2024-04-27D14:31:11.400000000,gbpjpy,427.404,873
2024-04-27D14:31:11.500000000,eurgbp,469.203,115
2024-04-27D14:31:11.600000000,euraud,875.722,260
2024-04-27D14:31:11.700000000,usdjpy,556.34,114
2024-04-27D14:31:11.800000000,usdjpy,684.476,256
2024-04-27D14:31:11.900000000,gbpusd,857.379,219
2024-04-27D14:31:12.000000000,gbpchf,412.717,175
2024-04-27D14:31:12.100000000,gbpchf,74.206,301
2024-04-27D14:31:12.200000000,gbpjpy,89.676,590
2024-04-27D14:31:12.300000000,euraud,608.525,951
2024-04-27D14:31:12.400000000,gbpchf,726.256,798
2024-04-27D14:31:12.500000000,eurjpy,281.868,432
2024-04-27D14:31:12.600000000,gbpusd,549.248,735
2024-04-27D14:31:12.700000000,gbpchf,36.137,745
2024-04-27D14:31:12.800000000,eurgbp,486.807,850
2024-04-27D14:31:12.900000000,usdjpy,765.941,123
2024-04-27D14:31:13.000000000,eurgbp,661.673,50
2024-04-27D14:31:13.100000000,eurgbp,662.308,921
2024-04-27D14:31:13.200000000,gbpjpy,350.726,202
2024-04-27D14:31:13.300000000,eurgbp,904.532,137
2024-04-27D14:31:13.400000000,euraud,277.241,451
2024-04-27D14:31:13.500000000,gbpchf,441.397,415
2024-04-27D14:31:13.600000000,gbpchf,351.938,830
2024-04-27D14:31:13.700000000,gbpjpy,384.081,459
2024-04-27D14:31:13.800000000,eurgbp,596.31,697
2024-04-27D14:31:13.900000000,gbpusd,830.307,921
2024-04-27D14:31:14.000000000,gbpusd,305.125,201
2024-04-27D14:31:14.100000000,eurjpy,847.037,548
2024-04-27D14:31:14.200000000,euraud,572.393,166
2024-04-27D14:31:14.300000000,eurusd,831.445,350
2024-04-27D14:31:14.400000000,eurgbp,91.18,715
2024-04-27D14:31:14.500000000,gbpjpy,165.387,868
2024-04-27D14:31:14.600000000,usdjpy,65.779,509
2024-04-27D14:31:14.700000000,euraud,451.265,193
2024-04-27D14:31:14.800000000,usdjpy,434.834,234
2024-04-27D14:31:14.900000000,gbpusd,653.287,146
2024-04-27D14:31:15.000000000,eurjpy,52.95,127
2024-04-27D14:31:15.100000000,gbpusd,486.134,840
2024-04-27D14:31:15.200000000,eurgbp,649.647,98
2024-04-27D14:31:15.300000000,eurjpy,523.792,787
2024-04-27D14:31:15.400000000,eurusd,460.078,401
2024-04-27D14:31:15.500000000,eurjpy,292.904,141
2024-04-27D14:31:15.600000000,gbpchf,753.132,501
2024-04-27D14:31:15.700000000,euraud,983.744,839
2024-04-27D14:31:15.800000000,gbpjpy,229.014,971
2024-04-27D14:31:15.900000000,eurjpy,234.401,346
2024-04-27D14:31:16.000000000,gbpjpy,19.22,768
2024-04-27D14:31:16.100000000,euraud,202.444,679
2024-04-27D14:31:16.200000000,eurjpy,581.106,273
2024-04-27D14:31:16.300000000,eurgbp,904.432,941
2024-04-27D14:31:16.400000000,usdjpy,583.669,697
2024-04-27D14:31:16.500000000,gbpchf,832.217,232
2024-04-27D14:31:16.600000000,gbpusd,752.005,543
2024-04-27D14:31:16.700000000,euraud,166.063,106
2024-04-27D14:31:16.800000000,gbpusd,504.336,40
2024-04-27D14:31:16.900000000,usdjpy,666.25,929
2024-04-27D14:31:17.000000000,gbpjpy,342.024,156
2024-04-27D14:31:17.100000000,eurgbp,48.687,974
2024-04-27D14:31:17.200000000,gbpjpy,88.083,982
2024-04-27D14:31:17.300000000,eurgbp,846.892,629
2024-04-27D14:31:17.400000000,gbpjpy,605.149,183
2024-04-27D14:31:17.500000000,gbpusd,418.922,729
2024-04-27D14:31:17.600000000,gbpjpy,421.265,175
2024-04-27D14:31:17.700000000,gbpchf,65.252,315
2024-04-27D14:31:17.800000000,gbpchf,335.191,136
2024-04-27D14:31:17.900000000,eurgbp,867.122,343
2024-04-27D14:31:18.000000000,gbpchf,799.663,408
2024-04-27D14:31:18.100000000,gbpusd,725.234,291
2024-04-27D14:31:18.200000000,usdjpy,165.33,655
2024-04-27D14:31:18.300000000,gbpusd,803.399,508
2024-04-27D14:31:18.400000000,usdjpy,935.153,105
2024-04-27D14:31:18.500000000,gbpchf,623.492,542
2024-04-27D14:31:18.600000000,eurgbp,476.207,929
2024-04-27D14:31:18.700000000,euraud,281.807,193
2024-04-27D14:31:18.800000000,usdjpy,830.826,789
2024-04-27D14:31:18.900000000,eurjpy,606.776,947
2024-04-27D14:31:19.000000000,gbpjpy,12.577,879
2024-04-27D14:31:19.100000000,eurusd,841.086,176
2024-04-27D14:31:19.200000000,eurgbp,608.978,173
2024-04-27D14:31:19.300000000,eurgbp,591.939,310
2024-04-27D14:31:19.400000000,eurgbp,326.525,91
2024-04-27D14:31:19.500000000,eurgbp,116.564,572
2024-04-27D14:31:19.600000000,eurusd,493.394,873
2024-04-27D14:31:19.700000000,eurjpy,191.583,300
2024-04-27D14:31:19.800000000,euraud,720.09,32
2024-04-27D14:31:19.900000000,euraud,254.219,897
2024-04-27D14:31:20.000000000,gbpusd,957.154,24
2024-04-27D14:31:20.100000000,eurjpy,356.463,904
2024-04-27D14:31:20.200000000,gbpusd,304.954,373
2024-04-27D14:31:20.300000000,eurgbp,802.049,926
2024-04-27D14:31:20.400000000,eurjpy,164.926,858
2024-04-27D14:31:20.500000000,eurusd,940.065,813
2024-04-27D14:31:20.600000000,gbpusd,710.356,735
2024-04-27D14:31:20.700000000,eurusd,871.388,705
2024-04-27D14:31:20.800000000,usdjpy,661.441,340
2024-04-27D14:31:20.900000000,gbpusd,280.358,971
2024-04-27D14:31:21.000000000,gbpusd,194.41,570
2024-04-27D14:31:21.100000000,gbpusd,424.659,551
2024-04-27D14:31:21.200000000,usdjpy,546.788,118
2024-04-27D14:31:21.300000000,gbpusd,585.98,418
2024-04-27D14:31:21.400000000,gbpchf,85.731,452
2024-04-27D14:31:21.500000000,usdjpy,850.72,623
2024-04-27D14:31:21.600000000,gbpchf,85.93,401
2024-04-27D14:31:21.700000000,gbpchf,435.737,38
2024-04-27D14:31:21.800000000,euraud,644.017,64
2024-04-27D14:31:21.900000000,euraud,178.926,133
2024-04-27D14:31:22.000000000,eurusd,783.511,230
2024-04-27D14:31:22.100000000,eurjpy,60.381,891
2024-04-27D14:31:22.200000000,eurgbp,550.461,565
2024-04-27D14:31:22.300000000,eurgbp,582.104,562
2024-04-27D14:31:22.400000000,eurjpy,180.116,643
2024-04-27D14:31:22.500000000,euraud,103.495,690
2024-04-27D14:31:22.600000000,eurusd,849.102,225
2024-04-27D14:31:22.700000000,gbpchf,982.297,392
2024-04-27D14:31:22.800000000,eurjpy,602.38,283
2024-04-27D14:31:22.900000000,eurgbp,581.956,840
2024-04-27D14:31:23.000000000,gbpjpy,723.64,783
2024-04-27D14:31:23.100000000,euraud,517.983,479
2024-04-27D14:31:23.200000000,gbpusd,936.609,798
2024-04-27D14:31:23.300000000,gbpjpy,301.02,188
2024-04-27D14:31:23.400000000,gbpjpy,700.735,685
2024-04-27D14:31:23.500000000,eurjpy,640.869,515
2024-04-27D14:31:23.600000000,gbpchf,73.278,781
2024-04-27D14:31:23.700000000,eurusd,957.988,677
2024-04-27D14:31:23.800000000,usdjpy,805.774,355
2024-04-27D14:31:23.900000000,gbpusd,891.855,303
2024-04-27D14:31:24.000000000,gbpjpy,826.827,281
2024-04-27D14:31:24.100000000,euraud,388.006,410
2024-04-27D14:31:24.200000000,eurgbp,275.254,196
2024-04-27D14:31:24.300000000,gbpjpy,984.473,375
2024-04-27D14:31:24.400000000,gbpusd,762.849,69
2024-04-27D14:31:24.500000000,eurgbp,703.961,539
2024-04-27D14:31:24.600000000,eurjpy,251.602,809
2024-04-27D14:31:24.700000000,gbpjpy,573.892,450
2024-04-27D14:31:24.800000000,gbpusd,680,685
2024-04-27D14:31:24.900000000,eurusd,182.584,363
2024-04-27D14:31:25.000000000,eurusd,84.975,931
2024-04-27D14:31:25.100000000,eurjpy,871.412,585
2024-04-27D14:31:25.200000000,eurgbp,952.603,687
2024-04-27D14:31:25.300000000,eurgbp,544.588,503
2024-04-27D14:31:25.400000000,gbpchf,636.264,413
2024-04-27D14:31:25.500000000,gbpjpy,341.575,303
2024-04-27D14:31:25.600000000,eurjpy,168.451,412
2024-04-27D14:31:25.700000000,gbpjpy,360.92,600
2024-04-27D14:31:25.800000000,eurgbp,314.266,547
2024-04-27D14:31:25.900000000,usdjpy,450.505,592
2024-04-27D14:31:26.000000000,eurusd,531.643,414
2024-04-27D14:31:26.100000000,gbpjpy,678.375,817
2024-04-27D14:31:26.200000000,gbpchf,150.036,738
2024-04-27D14:31:26.300000000,euraud,440.049,60
2024-04-27D14:31:26.400000000,euraud,599.464,611
2024-04-27D14:31:26.500000000,gbpchf,452.287,805
2024-04-27D14:31:26.600000000,eurgbp,155.655,27
2024-04-27D14:31:26.700000000,eurgbp,863.12,967
2024-04-27D14:31:26.800000000,gbpjpy,923.488,726
2024-04-27D14:31:26.900000000,gbpusd,367.095,627
2024-04-27D14:31:27.000000000,eurjpy,699.803,457
2024-04-27D14:31:27.100000000,eurjpy,249.017,207
2024-04-27D14:31:27.200000000,eurjpy,311.166,821
2024-04-27D14:31:27.300000000,eurjpy,492.442,497
2024-04-27D14:31:27.400000000,eurusd,553.144,662
2024-04-27D14:31:27.500000000,gbpjpy,699.813,858
2024-04-27D14:31:27.600000000,gbpchf,163.973,279
2024-04-27D14:31:27.700000000,eurgbp,702.273,662
2024-04-27D14:31:27.800000000,gbpchf,601.5,416
2024-04-27D14:31:27.900000000,eurusd,793.365,376
2024-04-27D14:31:28.000000000,gbpchf,344.343,527
2024-04-27D14:31:28.100000000,gbpchf,174.24,157
2024-04-27D14:31:28.200000000,eurgbp,754.656,251
2024-04-27D14:31:28.300000000,gbpusd,369.744,682
2024-04-27D14:31:28.400000000,euraud,23.864,638
2024-04-27D14:31:28.500000000,usdjpy,171.681,532
2024-04-27D14:31:28.600000000,gbpjpy,831.978,232
2024-04-27D14:31:28.700000000,eurgbp,49.329,779
2024-04-27D14:31:28.800000000,usdjpy,577.069,417
2024-04-27D14:31:28.900000000,eurjpy,258.3,547
2024-04-27D14:31:29.000000000,eurgbp,94.048,455
2024-04-27D14:31:29.100000000,eurusd,741.424,105
2024-04-27D14:31:29.200000000,gbpusd,544.151,845
2024-04-27D14:31:29.300000000,euraud,827.19,578
2024-04-27D14:31:29.400000000,eurusd,105.007,558
2024-04-27D14:31:29.500000000,eurgbp,472.17,348
2024-04-27D14:31:29.600000000,gbpchf,34.681,273
2024-04-27D14:31:29.700000000,gbpchf,490.037,28
2024-04-27D14:31:29.800000000,eurjpy,775.109,433
2024-04-27D14:31:29.900000000,euraud,601.376,589
2024-04-27D14:31:30.000000000,eurusd,267.306,690
2024-04-27D14:31:30.100000000,eurusd,54.661,693
2024-04-27D14:31:30.200000000,usdjpy,72.985,550
2024-04-27D14:31:30.300000000,euraud,600.181,303
2024-04-27D14:31:30.400000000,eurgbp,764.558,327
2024-04-27D14:31:30.500000000,gbpchf,404.348,152
2024-04-27D14:31:30.600000000,eurjpy,503.192,158
2024-04-27D14:31:30.700000000,eurjpy,187.249,818
2024-04-27D14:31:30.800000000,eurjpy,174.333,337
2024-04-27D14:31:30.900000000,eurjpy,670.037,496
2024-04-27D14:31:31.000000000,eurgbp,284.41,798
2024-04-27D14:31:31.100000000,gbpchf,563.679,393
2024-04-27D14:31:31.200000000,gbpchf,599.955,435
2024-04-27D14:31:31.300000000,eurjpy,834.099,885
2024-04-27D14:31:31.400000000,eurgbp,273.614,919
2024-04-27D14:31:31.500000000,usdjpy,165.764,576
2024-04-27D14:31:31.600000000,gbpusd,228.75,58
2024-04-27D14:31:31.700000000,euraud,996.76,104
2024-04-27D14:31:31.800000000,usdjpy,422.396,627
2024-04-27D14:31:31.900000000,gbpusd,693.624,748
2024-04-27D14:31:32.000000000,euraud,763.086,663
2024-04-27D14:31:32.100000000,euraud,130.413,236
2024-04-27D14:31:32.200000000,gbpjpy,535.891,168
2024-04-27D14:31:32.300000000,eurgbp,532.875,481
2024-04-27D14:31:32.400000000,euraud,887.267,696
2024-04-27D14:31:32.500000000,gbpusd,274.982,221
2024-04-27D14:31:32.600000000,gbpjpy,538.047,333
2024-04-27D14:31:32.700000000,gbpjpy,529.27,754
2024-04-27D14:31:32.800000000,eurusd,26.531,25
2024-04-27D14:31:32.900000000,gbpjpy,719.432,592
2024-04-27D14:31:33.000000000,eurusd,393.974,183
2024-04-27D14:31:33.100000000,eurjpy,357.79,221
2024-04-27D14:31:33.200000000,euraud,536.397,200
2024-04-27D14:31:33.300000000,eurgbp,661.934,383
2024-04-27D14:31:33.400000000,usdjpy,960.35,978
2024-04-27D14:31:33.500000000,gbpchf,2.157,341
2024-04-27D14:31:33.600000000,eurjpy,105.992,715
2024-04-27D14:31:33.700000000,eurjpy,627.92,447
2024-04-27D14:31:33.800000000,euraud,887.911,996
2024-04-27D14:31:33.900000000,gbpjpy,930.575,962
2024-04-27D14:31:34.000000000,gbpchf,144.704,802
2024-04-27D14:31:34.100000000,gbpjpy,733.702,193
2024-04-27D14:31:34.200000000,eurusd,152.704,336
2024-04-27D14:31:34.300000000,usdjpy,102.469,35
2024-04-27D14:31:34.400000000,gbpusd,136.166,419
2024-04-27D14:31:34.500000000,eurgbp,410.496,33
2024-04-27D14:31:34.600000000,gbpchf,400.759,202
2024-04-27D14:31:34.700000000,eurgbp,905.658,838
2024-04-27D14:31:34.800000000,gbpjpy,963.786,262
2024-04-27D14:31:34.900000000,eurusd,973.157,833
2024-04-27D14:31:35.000000000,eurusd,573.239,866
2024-04-27D14:31:35.100000000,gbpchf,460.517,158
2024-04-27D14:31:35.200000000,gbpchf,653.845,690
2024-04-27D14:31:35.300000000,gbpchf,845.428,56
2024-04-27D14:31:35.400000000,gbpjpy,590.063,314
2024-04-27D14:31:35.500000000,eurjpy,648.188,963
2024-04-27D14:31:35.600000000,gbpjpy,927.489,240
2024-04-27D14:31:35.700000000,gbpchf,46.318,852
2024-04-27D14:31:35.800000000,usdjpy,43.286,966
2024-04-27D14:31:35.900000000,eurusd,593.041,519
2024-04-27D14:31:36.000000000,eurjpy,639.425,141
2024-04-27D14:31:36.100000000,eurgbp,808.387,670
2024-04-27D14:31:36.200000000,eurusd,480.295,117
2024-04-27D14:31:36.300000000,eurgbp,855.486,681
2024-04-27D14:31:36.400000000,eurgbp,874.109,658
2024-04-27D14:31:36.500000000,gbpjpy,211.158,70
2024-04-27D14:31:36.600000000,eurgbp,155.297,783
2024-04-27D14:31:36.700000000,gbpjpy,501.74,614
2024-04-27D14:31:36.800000000,gbpusd,596.925,745
2024-04-27D14:31:36.900000000,gbpchf,427.823,52
2024-04-27D14:31:37.000000000,gbpjpy,860.238,536
2024-04-27D14:31:37.100000000,eurusd,37.249,268
2024-04-27D14:31:37.200000000,gbpchf,575.279,451
2024-04-27D14:31:37.300000000,euraud,934.054,328
2024-04-27D14:31:37.400000000,gbpjpy,380.565,367
2024-04-27D14:31:37.500000000,gbpusd,679.505,454
2024-04-27D14:31:37.600000000,eurgbp,907.277,703
2024-04-27D14:31:37.700000000,eurjpy,732.151,744
2024-04-27D14:31:37.800000000,eurgbp,230.023,509
2024-04-27D14:31:37.900000000,eurgbp,770.115,419
2024-04-27D14:31:38.000000000,eurjpy,625.353,199
2024-04-27D14:31:38.100000000,gbpjpy,559.518,149
2024-04-27D14:31:38.200000000,usdjpy,416.638,862
2024-04-27D14:31:38.300000000,usdjpy,143.66,155
2024-04-27D14:31:38.400000000,euraud,949.985,139
2024-04-27D14:31:38.500000000,gbpjpy,276.945,238
2024-04-27D14:31:38.600000000,eurgbp,743.977,848
2024-04-27D14:31:38.700000000,eurjpy,94.897,465
2024-04-27D14:31:38.800000000,euraud,939.539,728
2024-04-27D14:31:38.900000000,eurjpy,407.408,685
2024-04-27D14:31:39.000000000,eurusd,592.548,800
2024-04-27D14:31:39.100000000,gbpusd,670.33,361
2024-04-27D14:31:39.200000000,gbpjpy,763.148,622
2024-04-27D14:31:39.300000000,gbpusd,60.367,715
2024-04-27D14:31:39.400000000,gbpusd,292.868,820
2024-04-27D14:31:39.500000000,eurgbp,121.348,484
2024-04-27D14:31:39.600000000,euraud,612.918,235
2024-04-27D14:31:39.700000000,gbpchf,864.449,212
2024-04-27D14:31:39.800000000,euraud,924.439,266
2024-04-27D14:31:39.900000000,eurgbp,773.78,36
